{
  "lang":"en",
  "name":"pipeline",
  "version":"0.0.0",
  "spacy_version":">=3.4.2,<3.5.0",
  "description":"",
  "author":"",
  "email":"",
  "url":"",
  "license":"",
  "spacy_git_version":"3d0e89536",
  "vectors":{
    "width":0,
    "vectors":0,
    "keys":0,
    "name":null,
    "mode":"default"
  },
  "labels":{
    "tok2vec":[

    ],
    "ner":[
      "B-DES",
      "B-EMAIL",
      "B-NAME",
      "B-ORG",
      "B-PHOE",
      "B-PHONE",
      "B-WEB",
      "EMAIL",
      "I-DE",
      "I-DES",
      "I-EMAIL",
      "I-NAME",
      "I-OR",
      "I-ORG",
      "I-PHONE",
      "I-WEB",
      "NAME",
      "ORG",
      "PHONE",
      "WEB"
    ]
  },
  "pipeline":[
    "tok2vec",
    "ner"
  ],
  "components":[
    "tok2vec",
    "ner"
  ],
  "disabled":[

  ],
  "performance":{
    "ents_f":0.6230088496,
    "ents_p":0.6769230769,
    "ents_r":0.5770491803,
    "ents_per_type":{
      "B-NAME":{
        "p":0.7777777778,
        "r":0.6666666667,
        "f":0.7179487179
      },
      "B-PHONE":{
        "p":0.7647058824,
        "r":0.5909090909,
        "f":0.6666666667
      },
      "I-ORG":{
        "p":0.7380952381,
        "r":0.5344827586,
        "f":0.62
      },
      "I-NAME":{
        "p":0.7666666667,
        "r":0.6571428571,
        "f":0.7076923077
      },
      "I-EMAIL":{
        "p":1.0,
        "r":0.2222222222,
        "f":0.3636363636
      },
      "I-PHONE":{
        "p":0.5806451613,
        "r":0.5454545455,
        "f":0.5625
      },
      "B-EMAIL":{
        "p":0.85,
        "r":0.8095238095,
        "f":0.8292682927
      },
      "B-ORG":{
        "p":0.4545454545,
        "r":0.3571428571,
        "f":0.4
      },
      "B-DES":{
        "p":0.4375,
        "r":0.4117647059,
        "f":0.4242424242
      },
      "I-DES":{
        "p":0.5,
        "r":0.6315789474,
        "f":0.5581395349
      },
      "B-WEB":{
        "p":0.8333333333,
        "r":0.8333333333,
        "f":0.8333333333
      },
      "PHONE":{
        "p":0.0,
        "r":0.0,
        "f":0.0
      },
      "I-WEB":{
        "p":0.5,
        "r":1.0,
        "f":0.6666666667
      },
      "DES":{
        "p":0.0,
        "r":0.0,
        "f":0.0
      }
    },
    "tok2vec_loss":671.6036095236,
    "ner_loss":401.7229118722
  }
}