{
  "lang":"en",
  "name":"pipeline",
  "version":"0.0.0",
  "spacy_version":">=3.4.2,<3.5.0",
  "description":"",
  "author":"",
  "email":"",
  "url":"",
  "license":"",
  "spacy_git_version":"3d0e89536",
  "vectors":{
    "width":0,
    "vectors":0,
    "keys":0,
    "name":null,
    "mode":"default"
  },
  "labels":{
    "tok2vec":[

    ],
    "ner":[
      "B-DES",
      "B-EMAIL",
      "B-NAME",
      "B-ORG",
      "B-PHOE",
      "B-PHONE",
      "B-WEB",
      "EMAIL",
      "I-DE",
      "I-DES",
      "I-EMAIL",
      "I-NAME",
      "I-OR",
      "I-ORG",
      "I-PHONE",
      "I-WEB",
      "NAME",
      "ORG",
      "PHONE",
      "WEB"
    ]
  },
  "pipeline":[
    "tok2vec",
    "ner"
  ],
  "components":[
    "tok2vec",
    "ner"
  ],
  "disabled":[

  ],
  "performance":{
    "ents_f":0.6175438596,
    "ents_p":0.6641509434,
    "ents_r":0.5770491803,
    "ents_per_type":{
      "B-NAME":{
        "p":0.7647058824,
        "r":0.619047619,
        "f":0.6842105263
      },
      "B-PHONE":{
        "p":0.6842105263,
        "r":0.5909090909,
        "f":0.6341463415
      },
      "B-EMAIL":{
        "p":0.8571428571,
        "r":0.8571428571,
        "f":0.8571428571
      },
      "I-PHONE":{
        "p":0.4117647059,
        "r":0.4242424242,
        "f":0.4179104478
      },
      "I-EMAIL":{
        "p":0.6666666667,
        "r":0.2222222222,
        "f":0.3333333333
      },
      "I-NAME":{
        "p":0.7857142857,
        "r":0.6285714286,
        "f":0.6984126984
      },
      "B-ORG":{
        "p":0.5294117647,
        "r":0.3214285714,
        "f":0.4
      },
      "B-DES":{
        "p":0.5,
        "r":0.5294117647,
        "f":0.5142857143
      },
      "I-DES":{
        "p":0.5333333333,
        "r":0.8421052632,
        "f":0.6530612245
      },
      "I-ORG":{
        "p":0.7674418605,
        "r":0.5689655172,
        "f":0.6534653465
      },
      "B-WEB":{
        "p":0.9285714286,
        "r":0.7222222222,
        "f":0.8125
      },
      "I-WEB":{
        "p":0.5,
        "r":1.0,
        "f":0.6666666667
      },
      "DES":{
        "p":0.0,
        "r":0.0,
        "f":0.0
      }
    },
    "tok2vec_loss":470.9268416156,
    "ner_loss":299.6681071989
  }
}